<?xml version="1.0"?>
<recipe_types>
    <recipe_type>
        <recipe_type_id>1</recipe_type_id>
        <recipe_type_name>Breakfast</recipe_type_name>
        <recipes>
            <recipe>
                <recipe_id>1</recipe_id>
                <recipe_name>Almond Rice Pudding</recipe_name>
            </recipe>
            <recipe>
                <recipe_id>2</recipe_id>
                <recipe_name>Any Berry Sauce</recipe_name>
            </recipe>
            <recipe>
                <recipe_id>3</recipe_id>
                <recipe_name>Apple Bars</recipe_name>
            </recipe>
        </recipes>
    </recipe_type>
    <recipe_type>
        <recipe_type_id>2</recipe_type_id>
        <recipe_type_name>Lunch</recipe_type_name>
        <recipes>
            <recipe>
                <recipe_id>1</recipe_id>
                <recipe_name>Asian Chicken Salad</recipe_name>
            </recipe>
            <recipe>
                <recipe_id>2</recipe_id>
                <recipe_name>Asian Rice</recipe_name>
            </recipe>
            <recipe>
                <recipe_id>3</recipe_id>
                <recipe_name>Asparagus Mushroom Melt</recipe_name>
            </recipe>
        </recipes>
    </recipe_type>
    <recipe_type>
        <recipe_type_id>3</recipe_type_id>
        <recipe_type_name>Dinner</recipe_type_name>
        <recipes>
            <recipe>
                <recipe_id>1</recipe_id>
                <recipe_name>Asian Beef and Noodles</recipe_name>
            </recipe>
            <recipe>
                <recipe_id>2</recipe_id>
                <recipe_name>Asian Bulgur Pilaf</recipe_name>
            </recipe>
            <recipe>
                <recipe_id>3</recipe_id>
                <recipe_name>Asian Citrus Chicken</recipe_name>
            </recipe>
        </recipes>
    </recipe_type>
</recipe_types>
